title,price,condition,shipping,link
Dell Latitude Laptop Computer PC Intel i7 Up To 32GB RAM 1TB SSD Windows 11Opens in a new window or tab,$263.73,Not specified,See details,https://www.ebay.com/itm/286393092388?_skw=laptop&itmmeta=01KEHQ9K9Z3MPQQX55AWMQYXR9&hash=item42ae5bc924:g:L-wAAeSwATBpW-jQ&itmprp=enc%3AAQAKAAAAwFkggFvd1GGDu0w3yXCmi1d6aXcsBLilrZYpd3zKnlKiwX0sXgrUos4QtRBk1rsLRRZ7j1W%2FA44Rr3HZYNjjhkcJUKQ0t3Qm6oqlzaWgGynTR2RGmbCbEfssuuK08HVEcoHlBdwXIzRNPzwDuz%2FMsITtYIZ7WuHemjIYnkbnbs%2B5ZRWu9sESLIWnxD1yFon0gReSgU9PAQKT%2BT%2B1Jgmn%2FJ2umNY0sT3lc%2Fo3v0JS5Pm9nsEReecrd4jQBCfmp%2BQqkQ%3D%3D%7Ctkp%3ABlBMUK61prf0Zg
"Dell Latitude 14"" Laptop Computer Intel Up To 32GB RAM 1TB SSD Windows 11 ProOpens in a new window or tab",$210.98,Not specified,See details,https://www.ebay.com/itm/286601719329?_skw=laptop&itmmeta=01KEHQ9KA0QJ3WHQS02ZPRR7NM&hash=item42bacb2e21:g:mvQAAeSw~eVpVUHM&itmprp=enc%3AAQAKAAAAwFkggFvd1GGDu0w3yXCmi1dhGFRw68%2FE23Mp1GaNLtpTO44hYO9Bbf%2BsouxVbfQw2%2B4YErBQHYqn22g2SLer98ryRx8tV3T8mQtrbjqJLpCc8qQSSXeElaTqmDP11UJTxKqTPhfZVmo1EbNdJdkgdndtNzbRD0wfd359%2BbJ%2F7K5469KxYbZiOddnElKn1qyNV42FZvY8dUYOV5PueHuWewvtwGXp6EvPYELTAFYVfcPkrESXeMiZimdJQK2pan7Sgw%3D%3D%7Ctkp%3ABlBMUK61prf0Zg
Dell Latitude 3190 2-in-1 Touch Laptop Intel Pentium 8GB RAM 128GB SSD Win 11Opens in a new window or tab,$113.41,Not specified,See details,https://www.ebay.com/itm/254754472823?_skw=laptop&epid=15032171267&itmmeta=01KEHQ9KA0XWQMDAASM6PG8CY2&hash=item3b508cc377:g:BHAAAeSwnu5pAvdL&itmprp=enc%3AAQAKAAAAwFkggFvd1GGDu0w3yXCmi1cFOXFrEX1K2EXFWO8f5b0jNfd38JjffEQ%2BQHyhp07UzsQlvARwXdim3%2FMijkVHTEXoU0dWsDbhFmepVCp0LZUT%2FHeLh9H5zXBcpY0rMQUVL2E8PwyoOpPSp8tHCc%2FbrpxyxaI5HofTKvei5jh3W8MbMxPdf3zUw8ym8GI3P9yVDLinUM%2BKeqX%2BqmUEx688004iXVKqxNC4OzQkviA1bvawZ3CILypGU9uXd6nS1O37XA%3D%3D%7Ctkp%3ABlBMUK61prf0Zg
"HP Laptop 14"" HD AMD Ryzen 3 3200U 4GB RAM 128GB SSD Windows 11 Pro PCOpens in a new window or tab",$125.30,Not specified,See details,https://www.ebay.com/itm/266791101115?_skw=laptop&itmmeta=01KEHQ9KA0WWKFPCYEG3XMERQT&hash=item3e1dfd22bb:g:OqQAAeSwzk9pYJjQ&itmprp=enc%3AAQAKAAAAwFkggFvd1GGDu0w3yXCmi1e9szlWaw%2FpyUq7I60%2BZz7HD48ZtkXaSpReiHIVMYsomMxTA0glRQWSnXLs5OW9HG4lmenWprsT9wbBkxBUKabKF%2B8YX7n1sLrsRNbRLkpbo3oEmunXzbC5XuKUuJRFShsDD5n6bHm%2BqgHKGLKYhFpbFZ3i%2FewxlQmwWdSW0yfd8lCqB%2B5CZijDkJb65D4sBXgK9xfl7798saDMSGLJ4troveMp1BhqruuJN%2FqAW7qM2g%3D%3D%7Ctkp%3ABlBMUK61prf0Zg
"Acer Nitro V 16"" Laptop R5 16GB RAM 512GB SSD NVIDIA GeForce RTX5050 RefurbishedOpens in a new window or tab",$585.89,Not specified,See details,https://www.ebay.com/itm/267508911021?_skw=laptop&itmmeta=01KEHQ9KA0P5QP95RFN7Z5F0B3&hash=item3e48c60bad:g:iWQAAeSwPiNpO11H&itmprp=enc%3AAQAKAAAAwFkggFvd1GGDu0w3yXCmi1dzOQcLtJwPppBShmVtXnlOT2RXhFUB8yOvABF%2BxihG49cnPIu6NzY2ZBbjV7RegoNT2bH6xBbvpTIqBh%2FKcOxEeakk0hL0fANQxLsqQMkTFKzyw%2Bt6%2B37p49cLR1kSV5KYWUFYV82BiG7vI6AsceJUuUOyV8vyvWvy5nCP%2FgF11%2FIvv2vQ3n90GdwKK%2FRugGjAAikvIgpsCx%2Bk8ofXmBSnmmjCp8Maa5JCPJm1vd9BrQ%3D%3D%7Ctkp%3ABk9SR661prf0Zg
"ASUS VivoBook 16"" WUXGA Notebook Intel Core i7-13620H 16GB DDR4 RAM 512GB SSDOpens in a new window or tab",$439.99,Not specified,See details,https://www.ebay.com/itm/296584849936?_skw=laptop&itmmeta=01KEHQ9KA0FEGJMH0DHS7X7990&hash=item450dd5aa10:g:Gc4AAeSwQ~Fo3FLp&itmprp=enc%3AAQAKAAAA4FkggFvd1GGDu0w3yXCmi1d4rKwJpdktrFbWeHTUfP5IkhIrZrYw47L51my1A5TDVLVrtQZY2HgCX74XUa4jnxtlKnE%2FElzSROE87etUT5UInR7DSPmKjtM8Bn%2BmFtrv1Up0wNRPWAlR0R%2F0sOBamXGKQAqBhlVLyIb3%2Box1MJZTjFkB7QIcG8%2FYYJzR4Lh6zqrNW%2FpUyrscqnc%2Bn6lGbu97%2B0ABUzwIjfYpk0fvFo66ZKIQ089EHDO0k0KYiWPNwhljx3AVHJAsb%2FDo9%2BhvLfvFM9O6suO0UBCq8mUcAei4%7Ctkp%3ABk9SR661prf0Zg
"Acer Aspire 3 Laptop 15.6"" Intel i5-1135G7 12GB RAM 512GB SSD 2.4GHz RefurbishedOpens in a new window or tab",$232.49,Not specified,See details,https://www.ebay.com/itm/256271376657?_skw=laptop&epid=21063479949&itmmeta=01KEHQ9KA0TNG4VQ3N9TKXK0TB&hash=item3baaf6e111:g:ueMAAeSway5pJOJk&itmprp=enc%3AAQAKAAAA4FkggFvd1GGDu0w3yXCmi1dyDEAx5vtK2rPtwrasidG9mkmonGAGeduAKtLxlfJeXNV%2BoGiaXw%2FEmh1VHiiyGsi%2BURsgrvaUemi2s1p1xGCF2jzWcvkwBXcBUwy1kxeNpE%2Fa1pXVHejuiIu5V0lVTh%2BbgTnN6LRrMWvFhUivlye%2F6H2kJWjBZrwsTRk7ERxYm3NIEiCSZ2UTmCLlrv82KKEEluLqaU69%2Flp7ljiPNA7Boy4kK0YkNhdPicNXPnj01%2FOPM9Q6o1C7zHiX99jPQU0C5VjVMH%2BjTZ4BF2Sse%2B%2Bq%7Ctkp%3ABk9SR661prf0Zg
"Acer Swift Go 14"" Laptop Intel Core Ultra 7 155H 16GB RAM 1TB SSD RefurbishedOpens in a new window or tab",$371.99,Not specified,See details,https://www.ebay.com/itm/276709583737?_skw=laptop&itmmeta=01KEHQ9KA073RYEC2A375HDYYP&hash=item406d2d2b79:g:m3YAAeSwJJZpOyMs&itmprp=enc%3AAQAKAAAA4FkggFvd1GGDu0w3yXCmi1ce28PrwRxgT5jFLNQKijrnoWJKvxrsMM4FDYUobbWCooPRSokvbaeIu%2FErzPYgGRuzDQAOc2UuOqWINwWG98Tdnx6FdjzmAB%2FhFh1CfcxDf90YD6SHWjWZRBFa0RDa2r3%2BniKKEMRCSjh0bMGsYgvCX5mJ1AoUtty%2B3wMr%2F2Hz6ED2QMqI43TBax4%2B24jVKgOPHY4MqMQFyFrP%2Fb3Fhnm3mEDkr7TNUHPW%2BbM0dg6Wad5NJHSIx3rvzNSQhaElYrNa0I6Yu6nzcgSsAX9VqJPv%7Ctkp%3ABk9SR661prf0Zg
Dell Latitude Touchscreen 2-in-1 Laptop Pentium 8GB RAM 128GB SSD Windows 11Opens in a new window or tab,$134.03,Not specified,See details,https://www.ebay.com/itm/256245941032?_skw=laptop&itmmeta=01KEHQ9KA0RAY6X033NTXC92QA&hash=item3ba972c328:g:WhEAAeSwaZNot9lU&itmprp=enc%3AAQAKAAAA4FkggFvd1GGDu0w3yXCmi1cXFJTJzyOnimAswxZKTBSO801OAeKNI%2FrEe46wvjwUWyOZGvC5GglX9NIOjz%2FFHLB%2FCSAsyGVZwn0BUoCitWyPJN9exUyVXX6KEc0soL2nPyjdQ0T3cUL3e2TiJm8rT%2FdEeI4wO%2Flthjh%2F82jRfl9Dd6Tk7aW4dRNEW9J7T65Z5%2B4ka9XJB%2BX3DSYY9YtEQysP48DMGDw0A1o3mFNt15TI9k0HaxaJkiHW12PwlNJ6jThHsyhOXoeayN03wEErhM5sw9e03wMAWNaRReteLibU%7Ctkp%3ABk9SR661prf0Zg
"New 15.6"" Windows 11 Laptop, Intel Celeron N5095 12GB RAM 512GB SSD, BusinessOpens in a new window or tab",$199.99,Not specified,See details,https://www.ebay.com/itm/389007675002?_skw=laptop&itmmeta=01KEHQ9KA0Q3MX84DQJDGMVMNA&hash=item5a92aa0e7a:g:ACsAAeSwAddo06a0&itmprp=enc%3AAQAKAAAAwFkggFvd1GGDu0w3yXCmi1fWUXj%2BZATrl3TaHFdtqy8S5sY%2BbRoroEMgMSnsIshg%2BZOlvv0jiudvhfWZOuTfLTLbLBsOn3khXuzydwCzyB9CSCYDBTR7%2B%2B8HrlY56TtokitxsIJfjyDXumUP3k5loY6Ul8ZjbHYtpyharVXSUJhimDuSutw1M6B8LBqFOqwAECvMhQ1jUJ5jdvyrdcONrBvTKdmUJBdVrHN0ny1X9ZVuFpAXT1WD7GOipwhpL6TE7Q%3D%3D%7Ctkp%3ABk9SR661prf0Zg
14 Lenovo ThinkPad Laptop: Intel i5! 16GB RAM! 512GB NVME SSD! Secondary BatteryOpens in a new window or tab,$270.00,Not specified,See details,https://www.ebay.com/itm/116423296043?_skw=laptop&itmmeta=01KEHQ9KA036N159NBH49K2MAQ&hash=item1b1b5e842b:g:0okAAeSwRohpObzr&itmprp=enc%3AAQAKAAAAwFkggFvd1GGDu0w3yXCmi1cZ2Vu9Rbwbhqjn7EWrMyAi7rDzCDtG8Qo6jSsrSfs26sLMTllK1XZ3cBTVhOQjaB4dlcQy6g86QTQL6eWbTUVSPkHiupGPvD3CCbwpGsJZz3kBIPgrWmfsKO1k48nVKYLwHeRBJrFn2cxiKSEnBQhGFk4hTd76JFFGYVJx6DPvvh2LF%2BxM%2B2vxqK9QlAs98SN4spA21Wk2wY3VbrXBHU%2BGjpNAbesih2ebZ5cnqZCPDw%3D%3D%7Ctkp%3ABk9SR661prf0Zg
Dell Latitude Laptop 11.6‚Äù HD 8GB RAM 128GB SSD Intel Pentium Silver Win 11 WiFiOpens in a new window or tab,$129.99,Not specified,See details,https://www.ebay.com/itm/256696935114?_skw=laptop&itmmeta=01KEHQ9KA036RN46YARDWPT9TZ&hash=item3bc45462ca:g:5P8AAeSw1PVpOp1s&itmprp=enc%3AAQAKAAAAwFkggFvd1GGDu0w3yXCmi1d6%2FArczjQyl9wr8zmWIxt9R%2Bf6Kpfezt4V4n8uUbGW%2Fb2sqf%2FuHnoWZ3xSyzdvcB11yihpdplNTfoaPSa7xjP0sFyKsaA1ITz0SpgT3ZcVJJCk3kYcWMEvW0IxEYlJfzLeMcUE2o3fCBOyLCXxjx6N2HmYlvb1AYlGsacLIow3hDbZWfPDH7ktkHbbp%2F6Kb7odmj74UQ%2FDCyKZyqimJS0uP0aeMFdGvQcDPA0xHQ20rg%3D%3D%7Ctkp%3ABk9SR661prf0Zg
"Dell Touchscreen Chromebook 3100 11.6"" Celeron 1.1GHz/4GB/32GB SSD - P30T001Opens in a new window or tab",$39.39,Not specified,See details,https://www.ebay.com/itm/354615329816?_skw=laptop&epid=14068657883&itmmeta=01KEHQ9KA0C5Y4QPFTZT3P2FJZ&hash=item5290b88418:g:9boAAOSwa1hoNyFQ&itmprp=enc%3AAQAKAAAA4FkggFvd1GGDu0w3yXCmi1fi4gdkS4ZmX9Afy8v5wGQ40AYQ5YwxJfbgJvXRulCm%2Fiu1Tpe3k0d7cBzQeXPrmhDby%2BJzZS703Uido5b35e6PqKFZ8YPc%2Bhz2Zh78%2FR0Q3d%2Fer4iRETMxqwcEDE%2Fs8xt1CBJQ%2FcLRGEnnsQ1RmBUDvOw6ZkjR5WJgnaXRB%2FeAa6AgHzsKQkRMdPmjMTh%2Bh5O%2F6Y3G78nnLizwWuXcwloddjoGkZEIHfTsxxaX1eL39xhz2yQk%2BiyGTXx37mFt9rglFJb452bT%2FtL3LFHVApcp%7Ctkp%3ABk9SR661prf0Zg
"Dell Latitude 14"" Laptop Computer Intel i7 Up To 32GB RAM 1TB SSD Windows 11 ProOpens in a new window or tab",$314.38,Not specified,See details,https://www.ebay.com/itm/286865561827?_skw=laptop&itmmeta=01KEHQ9KA03TYPGEB3MW86T4S8&hash=item42ca8518e3:g:eqwAAeSwFRZpVAJQ&itmprp=enc%3AAQAKAAAAwFkggFvd1GGDu0w3yXCmi1fu3eEckABBgg1%2B%2FzMFZel9h0PLlbWuYNN%2FnGtYc0zIgRLwk0kPtlT%2BJkWj9tTXlc7uX5rAPbNxAEBvs7oD0PJZlukxl8%2F19TK56NXy%2B%2F2QE48zmQ03bTnXiNCmAhR9ffXrDltbIkVNHViRzF3ELPllEN4V%2BOP8HKh9iC3UciYPANM1Hebu04nuFsJNZMWKW9O3gmO%2FI9f4g6B9Z3l--x0yrpp6eVnwGNeGBGV12donlA%3D%3D%7Ctkp%3ABlBMUK61prf0Zg
"HP EliteBook 840 G7 14"" Touchscreen Laptop, Intel Core i5-10th Gen, 16GB RAM, 51Opens in a new window or tab",$288.00,Not specified,See details,https://www.ebay.com/itm/197720826902?_skw=laptop&itmmeta=01KEHQ9KA08XE13CKV3V2WW83M&hash=item2e09146416:g:FTgAAeSw56xpHgrf&itmprp=enc%3AAQAKAAAAwFkggFvd1GGDu0w3yXCmi1f5AcMcvWqap8MtFyEE%2BuK7kJSxZTX8QWm%2BXQxNPkbmYVJX9MiIunQ01gr4EP8F7qb2zT6s4C4llDqLQ91sdPDTj203Htr69ytf9dXe%2F9zCwZGZE%2FgNBEglOh%2B3ZNTMSPkQ0Vl33d9TRDJvMl4s871rJcIm0sVXtqKb3m9%2B1fQ1zS%2B02Nrc9lCeJTCn7356Az%2Ffk4CwXG0ED%2Be0hJIVhYLk03cJnGzJfeaTBHgzDOXfdQ%3D%3D%7Ctkp%3ABlBMUK61prf0Zg
GETAC S410  Laptop  i5-6300U 8GB 500GB HDD  TOUCH WIN11  BLUEOpens in a new window or tab,$333.33,Not specified,See details,https://www.ebay.com/itm/376753533819?_skw=laptop&itmmeta=01KEHQ9KA0QV3RYDZPA2CKPC25&hash=item57b842b37b:g:3qkAAeSwOJtpMc3I&itmprp=enc%3AAQAKAAAAwFkggFvd1GGDu0w3yXCmi1dq6wC4tNWmUXeH3Hbd%2F1IuzcwOBkEyf54Bh%2BYp1qP2ASfZvTIMnWRHBL2deXQejQwfWwYcXC3QDDI%2F6vPzyX7kSqrmBtAXgUB4HfJG87cz2o9BviQlMBYh18ff64iy28LxUzILSAcfCLwiZ9IkcbK2KwllpCmXo0jBvKe2iJILKRj4%2FZc4AUHWz%2FLF0p%2F6X5RpdBh8OIlm4y0HW32hSs%2B1Hre9Y0lrvGP3%2FmFjfoKzmg%3D%3D%7Ctkp%3ABlBMUK61prf0Zg
"HP Chromebook 11 G7 11.6"" Intel 2.60 GHz 4 GB RAM 32 GB eMMC Bluetooth Webcam SDOpens in a new window or tab",$67.99,Not specified,See details,https://www.ebay.com/itm/115603286837?_skw=laptop&itmmeta=01KEHQ9KA0KWR8EF46EXYZM8ZS&hash=item1aea7e2b35:g:JIkAAeSwEZho62Kv&itmprp=enc%3AAQAKAAAAwFkggFvd1GGDu0w3yXCmi1fSG1F3u8BdGlhQgKULYGS4DTxcUOW5WGbVg3R4PkbTj2HGJNKzme5KiUTEgE%2FeZKSI%2F3MM8bnSE%2BQHagZJyfc4%2FgsSdwA7C%2FYsTJ2QaIl91y7r3vClBLzFMVBcRfahRek4mhb7wAEWJ%2BF6U5xjVGiACrj7U5n1FjMW4HIuYLxW0BQxYBXmoT5MJkO9G%2FYo9gGBEPAHjQOyXFbZ1S%2BjmtKihbBH0ukz%2BwOISET%2BMlkykQ%3D%3D%7Ctkp%3ABk9SR661prf0Zg
"Dell Latitude 5420 14"" Touch Laptop i5-1145G7 16GB RAM 256GB SSD Windows 11 ProOpens in a new window or tab",$175.00,Not specified,See details,https://www.ebay.com/itm/306609317978?_skw=laptop&itmmeta=01KEHQ9KA0T3XVGC3N26W4CD7R&hash=item476356e85a:g:i64AAeSwh9JogXSn&itmprp=enc%3AAQAKAAAA4FkggFvd1GGDu0w3yXCmi1fL6KHHZCYDI60ZXv5N8HQESaEEcz9M6KlOpje0eVzvZkT4n6yEt%2F6W%2F08%2B0%2B8LGIinqRySfIVfpYIwCvrhdcCSE9Ky7C5%2BKo%2F1troe7JiTraJvNysFU%2BC8UHeWnmyvfAgWgeJ5vRqlzl38iGN7wV0XGD3sYsiEFQP17CsHdHwBfIVWe%2Bp5dAFEIEY12Mvho6y4M87w2wSDacXViduZRcBJ7UGH7V5PfjVPEQTZcfPGGkueDBpfZlHJlmxn3i6jIyubUz0o6rRSKaiMpOV%2F9Fcb%7Ctkp%3ABk9SR661prf0Zg
Dell Latitude 5420 Laptop 14‚Äù HD Intel Core i5 16GB RAM 512GB SSD Windows 11 ProOpens in a new window or tab,$270.08,Not specified,See details,https://www.ebay.com/itm/267259406872?_skw=laptop&itmmeta=01KEHQ9KA0VVSGX7DP3H0NQJP6&hash=item3e39e6ea18:g:iwgAAeSwV71pX14o&itmprp=enc%3AAQAKAAAA4FkggFvd1GGDu0w3yXCmi1eEz17X88qI%2BULLgH0MpMbvjR1bUtD3jeZqO%2BtVgTMhRxtyFtN5%2F4dVk1%2FGutrXb5CEPrsM%2F0ej1k%2BkcFBdlyYOfQ6U8Wrde0oEBQtfHLdiqWcx5tvqQLocuTbmfl8qBCXIyYPAQelQaUE%2B2eWTzIbi384ACxZUaR4QDA6iRBHjX5SsYSPkJFoDRlv0o8qR3hLVpWwnUGbx4oakJ365rK7RCJ7pDycJP%2F6sZz8JlknzIqii5VTmzwtOm5pijKq3SnYeoA4JAcPoYIJaO3FT1usy%7Ctkp%3ABk9SR661prf0Zg
"Getac V110 G3 11.6"" Touch Laptop i5-6200U 2.3GHz 8GB 128GB SSD W10Opens in a new window or tab",$135.00,Not specified,See details,https://www.ebay.com/itm/126834350335?_skw=laptop&itmmeta=01KEHQ9KA0012HFTMCFSNCSACA&hash=item1d87ea98ff:g:BEMAAOSwvaxnYGB1&itmprp=enc%3AAQAKAAAAwFkggFvd1GGDu0w3yXCmi1dBW5nlMDoBsWOZO0gfed9C8ae5ylTsqrsnVA9eZrXY6%2BSo22xt2a%2FtkfdVa0c8aBuL5bh4eIo%2FjJfMoxKCrNSxEfu8Zh2zWpqV%2FTEWUwoS2jkRm3gtdW276pqI0CTOKGHN12Hu7kbYKCMTVEAbw%2BnT1xltTdoJe%2BUePgLZgnwI1WBRsizp1DVMJX7Ast4r5CW9JzHgap%2Fhm%2BU0BoRL4y1PyEHFS7tdD%2BBipHY2xS%2Fscw%3D%3D%7Ctkp%3ABk9SR7C1prf0Zg
"Lenovo LOQ-E 15.6"" 144Hz Gaming Laptop i5-12450HX 16GB RAM 512GB SSD RTX 3050Opens in a new window or tab",$519.99,Not specified,See details,https://www.ebay.com/itm/126480962681?_skw=laptop&itmmeta=01KEHQ9KA0R47Q5QZBAKT0YKMR&hash=item1d72da5479:g:YxEAAeSw3chozdol&itmprp=enc%3AAQAKAAAAwFkggFvd1GGDu0w3yXCmi1eMW%2FP54m4YDOCe0qMWR2HfPXMzXvSI7C8PxHcnrVHrhTY0yaM7GY2WkghXEkNhV85sUbW0CLBg8%2F5uVLungBV4%2BUPt5sFmR%2BkTT%2BJl7sOGX5vOxj7gg1KGvGJ9VKBEcI3pcbl1NAgMDLXWzP%2FhXhWwCh92oIm0qs9l%2B0GblOmJhgJRczIhLqaXXnny0ftcYXjXY7R%2FLbV00BSiQKy10REPpPh4H3g%2B8TBtAB5v9yFn%2FQ%3D%3D%7Ctkp%3ABk9SR7C1prf0Zg
"HP EliteBook 845 G8 Laptop AMD Ryzen 5 PRO 5650U 16GB Memory 256 GB SSD 14.0"" FHOpens in a new window or tab",$254.99,Not specified,See details,https://www.ebay.com/itm/388696431750?_skw=laptop&itmmeta=01KEHQ9KA07H93M1B175PWR1ZP&hash=item5a801cdc86:g:~L4AAeSwRw5pQMFf&itmprp=enc%3AAQAKAAAAwFkggFvd1GGDu0w3yXCmi1dyntoh0algv1GIbS6ByF%2Bq75EtyNxop%2BouTcKJnO1NUTNlx8kFJU7394UtgQ%2BEPqbFr7mSPRqc7%2FuY%2BmVLIrjRXFVa3XGMKmdmi%2B%2BdugHd7i3km4KTiyg3PVqZB6%2BXlTayhX%2BaFJsm5vOvKLLJJPkzWhBx0uI5DUgahjRNarXiTb8VODxC8JUrCR4aUt5hxt4Xci05O9xPr8ynBqDMZNDQ0SqCuFqDdgE363Bz8ZWa4A%3D%3D%7Ctkp%3ABk9SR7C1prf0Zg
"Acer Aspire 3 14"" Laptop Intel i3-N305 8GB RAM 128GB SSD A314-36P RefurbishedOpens in a new window or tab",$158.09,Not specified,See details,https://www.ebay.com/itm/267099937275?_skw=laptop&itmmeta=01KEHQ9KA0BHB6NBB6M8FTPJP4&hash=item3e306599fb:g:VtAAAeSwsYppJMvC&itmprp=enc%3AAQAKAAAAwFkggFvd1GGDu0w3yXCmi1cFfh%2BANx1croc8Necj%2FA%2Fpuz7qDfC1rRarrlmuvKkniuCPdDqEumPIEDdMddDIOMAFRClBE%2Bq9Lxe1Vh38Asou9SK4NPEe%2Fn2rIYpnxp5XcjIBCdThG1gmWqVu0uMMNCKw2T%2BhKZuIouQoHCLC25Uni2d0ReKDtXwGYPKlLzOkKG5mkt%2BFojo3G4bKiRpLsIKhqv5UJqDto6CDNsqLA7q%2B7ZB9aMIukaKldWyPmG6oZQ%3D%3D%7Ctkp%3ABk9SR7C1prf0Zg
"Dell Latitude 3190  2-in-1  11.6"" Pentium N5030 4GB RAM 128GB SSD Windows 11 ProOpens in a new window or tab",$74.95,Not specified,See details,https://www.ebay.com/itm/297888824344?_skw=laptop&itmmeta=01KEHQ9KA1W3M5QQMWMN0NQP1W&hash=item455b8ebc18:g:H18AAeSwzfNpUuns&itmprp=enc%3AAQAKAAAAwFkggFvd1GGDu0w3yXCmi1fcyN%2B1ddJrG3DdS2nar9ELqbR0zMKigpl9nnjFFnvV84qne1pgQaotjJPsidTYy6OU0Wmzzq7s%2Bjyp2PsY5ry8UKEIoyW9lHZ6Y2txaYU6lHhNBu2jRP1652AU2u%2BXKKg6WwYvKr3T9gWD6gAg8X2ZDihiPrEzG%2F%2B582UOpXkX7OMBKHPhm7WjCxT%2FwGmkYJQo1AtDtGF0Nbr7F6thWP9bfuFwbta6Ob2thdWhAY%2Fobw%3D%3D%7Ctkp%3ABk9SR7C1prf0Zg
"15.6"" DELL Latitude Laptop: Intel i5! 16GB RAM, 512GB SSD! Windows 11 Pro!Opens in a new window or tab",$249.78,Not specified,See details,https://www.ebay.com/itm/116625646506?_skw=laptop&itmmeta=01KEHQ9KA1CC9KX4VWDT9RWYVY&hash=item1b276e23aa:g:ahQAAeSwjDFobT19&itmprp=enc%3AAQAKAAAA4FkggFvd1GGDu0w3yXCmi1e9K0RLKLJ3AZYdOYbS7NvkmUxzsotVHEFtqXwhgRIJZF1t1pZoW2BotGcw5XYXu7uXoCgUc7v8C3H9IDZvT17uNlPU9jiJey%2BCL0gfzfQmjEfmKEwgOiI3%2FWQp7lbjOf6FjN88G6Yrstr1rPOfK5BDErzBl9fEl%2F55eqHgD4DydGn%2FZdqQf9e9FUjJ44r9%2BByhLDmQJD8WUJqcq66lXmEDuVxsjZ6LB1erOqDAXLCiGou6s7Y9C8N7X29MqkV4GxZWQMAWmFy%2BiE1Mj88YmOJh%7Ctkp%3ABk9SR7C1prf0Zg
Dell Latitude 15.6‚Äù FHD Core i5 Laptop PC Up To 32GB RAM 1TB SSD Windows 11Opens in a new window or tab,$225.66,Not specified,See details,https://www.ebay.com/itm/256879744174?_skw=laptop&itmmeta=01KEHQ9KA1KX8KBZCZDG9ZDMEC&hash=item3bcf39d4ae:g:N1kAAeSwAYBpU~Vt&itmprp=enc%3AAQAKAAAA4FkggFvd1GGDu0w3yXCmi1fyIOyX48EGcv06%2Bx5yR4j%2BYgBRxMvj4viLWiw2aSMvGhtiuks%2BwkVhpkWmHJ58EFVivxb32pTLq4QaYesJgZXpYQrFG2xqyPqVlCkFBE2NZsjSGmlSo1VGXmIEOiFtnG82mFr4M9CkNqGqt0oZmtiCj8Q4n9QkKg1U1iGc1GLujVqipo6EBQQA%2FoXMUx%2FMpMg3svdac85lD4TvEfa%2BColZTSgJ3ts%2Fg7bdLzDC5eHjgd%2FbH42sj5kJH97TklBX%2FlUvQbyS4rhDFeJRaZ5Nj99B%7Ctkp%3ABk9SR7C1prf0Zg
DELL Latitude Laptop: Intel i5! 16GB RAM! 256GB SSD! Zorin Core Edition!Opens in a new window or tab,$149.95,Not specified,See details,https://www.ebay.com/itm/116659802706?_skw=laptop&itmmeta=01KEHQ9KA1ZY7AJZY34TYC8NGY&hash=item1b29775252:g:xpUAAeSwH8tog54B&itmprp=enc%3AAQAKAAAAwFkggFvd1GGDu0w3yXCmi1ezUOMVqU2dJFmYilbGzYBnqgQQHPw3Xn4DItEg0kuFUGPgzT4ojzqOjXzIEjFQCojSzd9sTWKZwPRdG12gvLWenYFbcBUZeH92%2Bj2oguW9jo00%2FtTL9hofeko0hJVHyzIbAcoB8aEJ%2BpIOnURFwMjZNc5kpn%2FoI3G9FOJ6VyA84lbniV4U6LFqqKTv1KDsxYwbRKrYei4Bhq4T6dkG%2FFgS5fuxT69o22NcRXu3EpOYWA%3D%3D%7Ctkp%3ABk9SR7C1prf0Zg
"Asus Chromebook Flip 14"" Touchscreen i3 1.80GHz/8GB/128GB SSD (Silver) CX5400FMOpens in a new window or tab",$90.81,Not specified,See details,https://www.ebay.com/itm/357885403108?_skw=laptop&itmmeta=01KEHQ9KA1FZ8B860P9SK91YTH&hash=item5353a1dfe4:g:1aoAAeSwMFNpE1xV&itmprp=enc%3AAQAKAAAA4FkggFvd1GGDu0w3yXCmi1esguuDmAIV%2BG9aX%2FKeYiq8dcisJ8IXvPq3YevKRRi7ikYVNZBKz4ESiwKR3vb72x2SlsrCXlel%2Bff267Hb1%2B5YTjKpgveTtT04Ax3NqY8oVNeGbU5E%2BWrlA%2FN6N%2Fu96A4o0KWqBsYnTOjjXI5dSwgYN%2FO0piQ8apnrJOtYzGOIbclOhWf0FlmBYBPu7EtURvagmcdcDQ3klTHM%2Fnh1%2Fo%2B4eddK1whoLDjtovZA7icld1hiWK8lIuaC%2BxRP%2BhGtqqZ8WrQzxELTixkFSgGIUhC%2B%7Ctkp%3ABk9SR7C1prf0Zg
"New ListingHP PROBOOK 650 G3 15.6"" i7-7600U 16GB RAM 256GB SSD BATTERY 100%+WINDOWS 11 PROOpens in a new window or tab",$161.99,Not specified,See details,https://www.ebay.com/itm/187931384340?_skw=laptop&itmmeta=01KEHQ9KA1T6HBH7TKH2S5ZA4K&hash=item2bc1955a14:g:NXcAAeSwq7ZpYJyo&itmprp=enc%3AAQAKAAAAwFkggFvd1GGDu0w3yXCmi1fk7UOQy59fDoTdRJLKZD3iNewPyohwsGf6%2F8CgMhk7AMkEoHmgLDhhoJUbi9uxt4WC9aPKG6imcWPA%2Fa59yRFiFBfzq%2BJCeI5lNgRNzVxZgZKC6N2SN60v0BIikJdRU9umohLwQGaqpc%2F6MW%2FcUfpYzunuTeKoyuI6mbb41aNo%2FY%2Bx%2FqhI3vY22mRcuroNIE7vvlPqnHKX%2BuYQAqhlKQD0qbTA6TmFIlEGD%2BWE0OWowA%3D%3D%7Ctkp%3ABlBMULC1prf0Zg
"Windows 11 PRO Laptop Notebook PC Computer, 8GB Ram, Webcam, Wifi, and HDMIOpens in a new window or tab",$122.00,Not specified,See details,https://www.ebay.com/itm/235711075450?_skw=laptop&itmmeta=01KEHQ9KA104MK981S3M3CJ6FN&hash=item36e179947a:g:KMMAAOSwJlFmyVxM&itmprp=enc%3AAQAKAAAAwFkggFvd1GGDu0w3yXCmi1fPT8TiP4%2FB%2FpRRq30hnnNSU3t9IIqpeiOPoFJDOxJzAMmEUiZX12I%2BG3kMhuoTAfiCmmkeEU2PgNgynMUvODU2gI6kd38XChNBeQAnprBXSaI3nj35FRVBimAcezRB4XaiDgAgH9GsaK2Kc8HM7DgquMw8k3Jfo8zFID%2Bg%2FqZAXlZ%2F8MZI1SW0dRU%2Fduj2arIOw77uPjZr7NdwmF7XejgHlMvfNJPywgfeQp%2FWdz4URA%3D%3D%7Ctkp%3ABlBMULC1prf0Zg
Toshiba Dynabook i7 10th Gen 512GB SSD 16GB Windows 11 Pro Wifi-6 HDMI LaptopOpens in a new window or tab,$177.00,Not specified,See details,https://www.ebay.com/itm/336098802215?_skw=laptop&itmmeta=01KEHQ9KA14JVH29Z6J2YJ76Q1&hash=item4e410cba27:g:Fa4AAOSwPk5n6st9&itmprp=enc%3AAQAKAAAAwFkggFvd1GGDu0w3yXCmi1fw5lcYSueQnzL0XQvLh9D%2BWoF7UAr8KyWBrXkt%2B51xPfK0StXGzIziTWJ4X%2FL8F5qaxvUvI3k1G5CvZR6hu2uoSdMsQL78L5sR7DF0EJtAPGAnXJmBeys3CI%2BO7tSSAebJ47SjDimPmmlTiPGfDj7l%2FU4GUAKI%2BmYMPtyZ5ESlDA5%2BrAM4tqWRKK5jbqrq3Oe%2BxHvNmpeAfzibkxIiOjxtkEA5S%2FIg1ySetFFEbnshHw%3D%3D%7Ctkp%3ABlBMULC1prf0Zg
Dell Precision 3470 | i5-1250P | 32GB RAM | 512GB SSD | NVIDIA T550 | FHD | 130WOpens in a new window or tab,$450.00,Not specified,See details,https://www.ebay.com/itm/205945589747?_skw=laptop&itmmeta=01KEHQ9KA1DT6YP5WGF1WHYAXK&hash=item2ff3504ff3:g:O0cAAeSwAStpTGNY&itmprp=enc%3AAQAKAAAAwFkggFvd1GGDu0w3yXCmi1diQ3hyryP7c6lLzvgsGOUf3dhUTi2aw1qpOsDn5lSObESD%2FlVAPtugCUzel8wyjuV0bLrMmEPZCy9kPPf3caZNg%2FCk13mz9fuxaeFnsRV4VJksfebesjYaOw2mkX1DWzTkBTUmgfvWnyllHEXqptq0atYH97Bvm2fblLP6G43rt55VZ01N2f%2B8gK0HVotq3lucxaGJoBEnsEN8FdssM6NYvpIQU1IpZJV8AMSPjzAwfw%3D%3D%7Ctkp%3ABlBMULC1prf0Zg
"ASUS VivoBook 16"" WUXGA  Intel Core i7-13620H AI Laptop 16GB DDR4 RAM 512GB SSDOpens in a new window or tab",$479.99,Not specified,See details,https://www.ebay.com/itm/306449827023?_skw=laptop&itmmeta=01KEHQ9KA1EMP67GHCY6WH6JNX&hash=item4759d544cf:g:8dsAAeSw~wdo0rR1&itmprp=enc%3AAQAKAAAA4FkggFvd1GGDu0w3yXCmi1e4s9WVJJDQHZ%2BHIjLMtS%2BkewT0HY5wCxZu7yurAdamLCDvTgUhLiklVC2%2FdUFRApVDtNnIu0tcWWx4I0bql055%2FHlBO7H%2BOWjr96YFpmfGYxAeWMdrcrYCbioknIVdnHiS8U6rGAKGojLGyO4LDheYElYtLkYD%2F5StVY3sIWy8iHcqEOtCBKbr3IfIwULHWQAoucWB7g4XDRL4NV62iF1WBZgPkvcoJLAhx5zkW4R5%2FDdiqaoTd%2FUcSJhc1w7RswqI9A2Q4w24JgNl1hqliluV%7Ctkp%3ABk9SR7C1prf0Zg
"Windows 7 PRO Laptop Notebook PC Computer Dual core, 4GB Ram, 250GB HD DVD/CDOpens in a new window or tab",$99.00,Not specified,See details,https://www.ebay.com/itm/335462459953?_skw=laptop&itmmeta=01KEHQ9KA1BE89T71FCV6CN3MK&hash=item4e1b1eea31:g:L-kAAOSwyERmfuqK&itmprp=enc%3AAQAKAAAA4FkggFvd1GGDu0w3yXCmi1fV6MBVI6ARNesH12fdRLvA97vRPsOys7jkthHCkeBT4S8a8OLxqx7fQXCzzcv0wx%2FhXFXsoasVAPYzhFT65oQHcKkHwT5DsVqt4RxlL7SFs4YmEQns5fubwKWicK4KaiIl9x1o4%2FEDBozaBnuoB5xyiECs0CfplcPtVxemNS6x4l%2Fh3C02jkPEnXRn3jGqGZjJpajAwfX%2BS2a8hogwJQR6ZNbFu7LxQc%2FaA9kLxwLwmIsdGXHVbrE8x5xonWdODlcdJlzQiUL930v8nMPU9THm%7Ctkp%3ABk9SR7C1prf0Zg
"Acer Aspire AI 14"" Touch Laptop Intel Core Ultra 5 16GB RAM 1TB SSD RefurbishedOpens in a new window or tab",$371.99,Not specified,See details,https://www.ebay.com/itm/256960845305?_skw=laptop&itmmeta=01KEHQ9KA13RHTJM6XTJ3EPE56&hash=item3bd40f55f9:g:eOgAAeSw1aZpJNQ2&itmprp=enc%3AAQAKAAAA4FkggFvd1GGDu0w3yXCmi1f4piENhALm%2FeG1xAr%2FevvUpCPFuSRV%2B9Zi%2BO9l8glXU0Oq2utguAUqgYiDKXG4%2BT%2BarkForO%2FCJ3cNhxa3kLpAAo6HLb%2Bxdek6mmp33hvInCeq1aKqMCDiKVktg6gJAlc0I1g0zkJKgmKm0W4cx42qB%2FA%2BU9hnOM2G%2B698%2FU5hWVj9FIyRD6lhm4UNDEUW%2F8fKHc5gWdwFddjXq0zNXZlCz9iLczWLPHVxiD9Jy77PlstmNMvRcH8ZIBs669pkSD9fCqTKENspqXuRXU%2BM5Rek%7Ctkp%3ABk9SR7C1prf0Zg
"Lenovo ThinkPad L380 Yoga Laptop 13.3"" Touch Core i5 8GB RAM 256GB SSD Win 11Opens in a new window or tab",$208.24,Not specified,See details,https://www.ebay.com/itm/265752692346?_skw=laptop&itmmeta=01KEHQ9KA1DRYR6PFHAFZQER7Y&hash=item3de018467a:g:0sAAAeSw~GZpXLVf&itmprp=enc%3AAQAKAAAA4FkggFvd1GGDu0w3yXCmi1chl1vPv57qZFSa0iqguswAm1uoQOB495kvSKs8Cxo%2BLczzrGJOU7LHQm%2FqCmLHzTIqtcWqKwpreuE40KxX1EHjHuCRKOQ5TDE%2FG8C0%2BotMjUyYlB586x2T5s0TwA7Wz0DFbCDw0b%2FhJGd5SCOwZPlj2%2FCr88Kt%2B%2Fv6GyJzZginRDZv2elMW8Dx3HGQbHOqCg5ssaw%2FZbMt1G5%2BQAcPxDspPourMcaDEsmNB7VSEp1G2%2BG1oihq7HP%2FPP%2BDYPkbYEEt9pIfHZVmLBlfs3OXRqTE%7Ctkp%3ABk9SR7C1prf0Zg
"Dell Latitude 3190  2-in-1  11.6"" Pentium N5030 8GB RAM 128GB SSD Windows 11 ProOpens in a new window or tab",$84.95,Not specified,See details,https://www.ebay.com/itm/297615129034?_skw=laptop&itmmeta=01KEHQ9KA1S73R0HCZA7ZAT2Q0&hash=item454b3e79ca:g:H18AAeSwzfNpUuns&itmprp=enc%3AAQAKAAAAwFkggFvd1GGDu0w3yXCmi1eIPtp0O1zVKXxuUFx8d74yPmGMc7cxe0%2FjsOMV7DBiMGUCPZjB2%2ByS9%2F7Hr8aQXZ9s0i6MQWMjFewI4lnbk1o1WNL4%2Bi%2BuqI4ZSnpM%2FILEsYgR1b8n%2FQoMF%2FDIusm4kmM%2F08UYqotCnka3wYhTsNUOZmwwYPpTkqcCE%2BqVNSznXAd3zVQsRPJI63GUnUDI3%2FDZon2oMGLxhnm3%2FC76GkNm5%2FNcMq6ay6lfwoNtVUYiDQ%3D%3D%7Ctkp%3ABk9SR7K1prf0Zg
"Acer Aspire 3 15.6"" FHD Laptop AMD Ryzen 5 8GB RAM 512GB SSD Radeon RefurbishedOpens in a new window or tab",$232.49,Not specified,See details,https://www.ebay.com/itm/275913158537?_skw=laptop&epid=12060615254&itmmeta=01KEHQ9KA1MT126CEAG79NXN8P&hash=item403db4af89:g:Nt0AAeSwjl1pJPoj&itmprp=enc%3AAQAKAAAAwFkggFvd1GGDu0w3yXCmi1fUoN%2BjSK8k4sLbVyPVHS%2B4Jo9XxHcT779p0eSP9p7%2BxFkCP32%2B5jj9C%2BfTKjwHK0POSFljnxxyU2%2FCnRM4qkrHaO7D6M%2BfUlxcYkmFyA6iTHftVLHBtWbspM4lx0E7Rh7OfmeNqRp%2FcGmOP9mowMDcAfo0ym3hSrt%2B9SnpkQ%2Feu%2BeTYNWgy6s1gCtMzEbxJS8RlstshIwOcqF3EdNETuP2Gh0AoSeXOenkJmiraOn2Hw%3D%3D%7Ctkp%3ABk9SR7K1prf0Zg
Dell Latitude E6420 XFR Core i7 CPU 500GB SSD 16GB RAM WIN10 BLACK CARBONOpens in a new window or tab,$433.33,Not specified,See details,https://www.ebay.com/itm/376570429637?_skw=laptop&itmmeta=01KEHQ9KA1DK23XEZXZNHQX4R5&hash=item57ad58c0c5:g:ti4AAOSwbzJmLBAe&itmprp=enc%3AAQAKAAAAwFkggFvd1GGDu0w3yXCmi1eDTjAH3vH%2B94zk%2B86i%2FRjXLzi6Q46LTb2gp3PhkdghfE0PyLQIVsijFC%2BIaozcx1DocVCsBv%2Bm6kDBxkdXv6Z2iod6JnAYVY77r74kdB2Ms0yhcgUKRZmoqFWSmBtshJ2ZWtRn3mhn5hd8XzB%2FZYiNyV977TMCpHNZjLhby25%2BM%2BZCYtlp7pbRs%2F6SLbiWgwCU%2Fjpr6%2F9fCQQ57yBZtMieYWf7T%2BB1LrnPnqVtX67OIA%3D%3D%7Ctkp%3ABlBMULK1prf0Zg
"Windows 11 Home Laptop Notebook PC Computer, 8GB Ram, Webcam, Wifi, and HDMIOpens in a new window or tab",$111.00,Not specified,See details,https://www.ebay.com/itm/335656142406?_skw=laptop&itmmeta=01KEHQ9KA1NVS7MKG5ZRQJNN80&hash=item4e26aa4646:g:KMMAAOSwJlFmyVxM&itmprp=enc%3AAQAKAAAAwFkggFvd1GGDu0w3yXCmi1dQ5dGeheT9n8zNy3fO%2FkpqHd2t5vhPCKoWCKtY64TOJQXkQ4ZzqDBUeuq0zt8WbLNTLQk1o2I9MqvyJG5T4EAqR41l3ZyMje8dPetxVTZ%2BwAJSNnxay%2BF3oACM8Qm91SP6WIP5a3ZXhryeg5Ocl%2Bpy2fklOj3xb22NDZGXz9Ry%2Bf8m49ZShG43EeyVylzW2RDk3nF96wTXFkHzxOa3eBOlMnPAxbG4Oszr2VVdJlJSPw%3D%3D%7Ctkp%3ABlBMULK1prf0Zg
"Lenovo ThinkPad T480 14"" FHD i5 8250u 16GB 512gb NVME WIFI CAM WIN 11 PRO laptopOpens in a new window or tab",$299.99,Not specified,See details,https://www.ebay.com/itm/226052371811?_skw=laptop&itmmeta=01KEHQ9KA1P180FA91R0FVVNN0&hash=item34a1c57563:g:rIwAAOSwkxVkTFbY&itmprp=enc%3AAQAKAAAAwFkggFvd1GGDu0w3yXCmi1enRhQD3rGoS5827TkhwMWA5jTVPOijEwXt%2FdwWLkSV1nEWSJjg17FW%2BrYupl30dZxyYOrhisovFhz2V3EAaMpS30tumm3Q1byigjJ7tLen%2BmPYocsK6QEeGDtXSNK2MRr0dGk4aRJ5oAiNqvGue1JeQ4eaUK%2FJj%2FJTgRC%2Fz0OaVDFbbvVnzo1%2B5ie%2BXRnrp%2BLn95ir6XZm9fX8Bx8%2FXu2ZUKBEeTAzQn8%2BL2QbEFuqkA%3D%3D%7Ctkp%3ABk9SR7K1prf0Zg
"Dell Latitude 3510 15.6"" i5-10210U 1.60GHz/8GB/256GB SSD P101F001Opens in a new window or tab",$103.59,Not specified,See details,https://www.ebay.com/itm/358007931159?_skw=laptop&itmmeta=01KEHQ9KA1R4DBC8QDHQSH5NHR&hash=item535aef8117:g:ezwAAeSwevZpOw2V&itmprp=enc%3AAQAKAAAAwFkggFvd1GGDu0w3yXCmi1ce4j2olrdQ0pvv2TkFhs%2BECQ6gDh4UytYPSsF9UF0sX%2FCV%2FQhUWU7IJISmwEZFeJUyHDZTDMuyIzJhtyu%2FKvxvl%2BPUb8PxVztJdjF1EhTwikwkOgOmyFa4G6XbEh87uGtVIRu%2B5cajUdN%2FqXhUISPCLAo1xnqi%2B0pOlSIlrku2EfKlDc3G5VxTz3BDWAmk%2FIxkaZAq3cRk6HaAE7Ua1PKtGZjTnmPCnSOy0jKgGLZkag%3D%3D%7Ctkp%3ABk9SR7K1prf0Zg
CHUWI HeroBook Pro 14.1 Intel Celeron N4020 Windows 11 Laptop 256GB SSD 8GB RAMOpens in a new window or tab,$155.00,Not specified,See details,https://www.ebay.com/itm/395324758287?_skw=laptop&itmmeta=01KEHQ9KA11XZ3KT55ZG23ZTF1&hash=item5c0b31190f:g:2c0AAOSwjo9mE8C6&itmprp=enc%3AAQAKAAAA4FkggFvd1GGDu0w3yXCmi1doSRK6MXR6rShDm9QR9iJqHLGI4VDadyuL4lSkxZgP1HO9biX6%2FqtOeBRxSPBidWPPROVxTmYw4Hqav2161CsGzwD9lz2ztVx3Svq5HoFrCEoUEyX1RnaWiqjdTato6Yb0aLVnlfuvVJqpAN95Z85PnBQzfhJnZ1bTifLBmtQLsoXZh50Cq%2BKy73WHxYgkWXpQaBrWtWkslaoZupj7XqayKBB4MDj4cNBJC%2FBY6yX4UKqc8mMR1VsJdZPYu%2BxVnYGRKbhnivb6QpGozsp7oZ1k%7Ctkp%3ABk9SR7K1prf0Zg
"Dell Latitude 5420 14"" i5-1145G7 16GB Ram 256GB SSD Windows 11 Pro Laptop TouchOpens in a new window or tab",$182.00,Not specified,See details,https://www.ebay.com/itm/306412265360?_skw=laptop&itmmeta=01KEHQ9KA1Q2PG0GZXMY4Y4RNC&hash=item4757981f90:g:i64AAeSwh9JogXSn&itmprp=enc%3AAQAKAAAA4FkggFvd1GGDu0w3yXCmi1er4DrAk6vzdocMTkpDqGmnoyb8hTHEm%2Fz6MCANcgznRC6TA50Wo0iwJp52oq9mQEPIVqI%2FQNqC5oFq%2F7dzQiSWiX6pDyfyF6XJKFLRV7gXnZQAfCWsTf1IAtKLmrmlutLGXySMLCmkQzUSIZoni4s8iarlQKZ0QF70nLMxjij4q36Gtj7MMQKAUItGAB9o5a9tWM%2FpiOhiGXbWHU1bikCo2WHGNqtnfd59SdvBlkVQL1zaSItnbvX0TzO4cOwZQvmEzA7Fx6o3bPqsb7tgsbVB%7Ctkp%3ABk9SR7K1prf0Zg
Intel Computer NUC PC Mini 1 TB 8GB i5-8265U 8th gen workstation Desktop Win 10Opens in a new window or tab,$188.96,Not specified,See details,https://www.ebay.com/itm/115930175001?_skw=laptop&epid=26047038654&itmmeta=01KEHQ9KA1S68PS08DCFRPS1R3&hash=item1afdfa1619:g:rmoAAOSwZhloOdg~&itmprp=enc%3AAQAKAAAAwFkggFvd1GGDu0w3yXCmi1cl25iha5Jrl%2B3XofHzyTQeipGFphqe6HiZ%2B3S7cABeQGo8tWXf%2Fsgh3zasEWRhKJJV52A9bzfy2lpqiRI3LdwClAUnfHR6jJV8ch48yO9W5n44JCyLTdyLtIJVF1FMRPvpluDESv6m8v2UDfdradradpYDQ8y1a2%2FacPBncU64H1FVlTmL67%2F5gmSX66VRydmO6xSJV10d%2BnQ4he23BrAZLZrAx9vDp2lDPJuHpBSHPQ%3D%3D%7Ctkp%3ABk9SR7K1prf0Zg
Dell Latitude Laptop Light Gaming PC Core i7 16GB RAM 512GB SSD Windows 11 ProOpens in a new window or tab,$317.08,Not specified,See details,https://www.ebay.com/itm/264714553889?_skw=laptop&itmmeta=01KEHQ9KA1Y16E70FFQW807JQB&hash=item3da2378a21:g:pHYAAeSwBUhpXo9f&itmprp=enc%3AAQAKAAAAwFkggFvd1GGDu0w3yXCmi1f2ZFIkCV5g4GRVpWm4Y6JJtTmGWqv33SegwDaXVk0g2FToEVNBNmc2uanvH3S2K8lzO3CV46cN9j9m2CpPaG4OjymvBw0gu%2FD9GpO6QtZ8XobWCSRrtQSAivKbuXQehdCN4e0owCoDIiOb4zS3IODl9v4VO4KyJeLZpyaRhFbAvXlOCYA%2Fm6DqQRYUrT%2F8F0IGr9d6%2FoXgSg8nPPrN8csPbo0cDHgANLAzxk73dCwFHA%3D%3D%7Ctkp%3ABk9SR7K1prf0Zg
"14"" Lenovo ThinkPad Laptop: Intel i5! 16GB RAM! 256GB SSD! Zorin Core Edition!Opens in a new window or tab",$159.79,Not specified,See details,https://www.ebay.com/itm/115691976699?_skw=laptop&itmmeta=01KEHQ9KA122V889KGS6CJCSRE&hash=item1aefc777fb:g:z6IAAeSwt~tpJh5m&itmprp=enc%3AAQAKAAAA4FkggFvd1GGDu0w3yXCmi1d2j3lEOQapp9%2BcNxZUEMzDf0cyE2%2BlKVln7BXEQAdutmmaflc9BE84SSOnrq2aZ6qSLhw%2FvmejOR2MCZ1h8VmCY5FfMu0QZx%2BIkg9js9vrHre5nipXZkrC1PL1J5ezq9QviDWpa7wMO%2FmYPn4RFmTw%2BS5qd3Ax2PUCtw3Zl3tEJtjoAtzXHA1Dxikqs92woX%2BdMqNIx%2FYXfSbR0rOuCghcEYNboKhZnanOLs28%2ByH33drpdyT2ip8pJoEC2cl9TND0f0iy1OzaOk9ulPYSNCiB%7Ctkp%3ABk9SR7K1prf0Zg
"HP Chromebook 11A G8 11.6"" Laptop 4GB RAM 32GB SSD WIFI Webcam Chrome OSOpens in a new window or tab",$46.72,Not specified,See details,https://www.ebay.com/itm/254639853037?_skw=laptop&itmmeta=01KEHQ9KA1ZDSTPEVRXRQ7XKVB&hash=item3b49b7cded:g:bRcAAeSwLvFpG0p1&itmprp=enc%3AAQAKAAAA4FkggFvd1GGDu0w3yXCmi1ckMBSoDLoGXsKZmooE0fSgCyuYi3sbeIxKeHCclLVsuXx4%2F31ffkHZHTaIf8GpF9HWLCKA4Q95a07nHLMSbD1v50B5LtOpvyxqAy0QGw%2FMG4Jj%2B36VZVF7F6de%2BzFlYN7SM1CS0DLQP0uoRsa%2B23I118ml9ekaL1yD7Zf4qZV9CLpZnwLoo1GFmn1im%2BCtmvsayr7cpLyEclWZ42uUYQSauf48o%2FKFyFVmceYHDxjeoWLVymKCrm1ZdXPtrd2chuQSxRi7Wh9DIvXwdOSVs2tW%7Ctkp%3ABk9SR7K1prf0Zg
"Lenovo LOQ 15.6"" FHD 144Hz AMD Ryzen 7 250 16GB RAM 512GB GeForce RTX 5060Opens in a new window or tab",$869.99,Not specified,See details,https://www.ebay.com/itm/297778435393?_skw=laptop&itmmeta=01KEHQ9KA1C2KM5MQ08YKEP61T&hash=item4554fa5541:g:ILUAAeSwiWBpMmk5&itmprp=enc%3AAQAKAAAA4FkggFvd1GGDu0w3yXCmi1f8HZrPGfm7mn7GqhvVuVyMEXSemRmGqSi6Jvl9oh6977mAd8DqzPDP3bAZG68Guzz%2FILL1MG%2FKvBv8YF3FhlwRQac6HJ06BlPH7TrayvzQUw4cwTj%2FQi0edSJwJ8oQR9JwrB5uXX7nOP4ZmcSWVJFtjeaMPnyDenvWybemfHJz2h96LW2zDSLy313ed8ilO5SNSZ2nBELig%2BOnh1ryDW6NM2GLhqzb9VkTFUBbiqOMjntSyDT3km671CJ8HKRZKI4aoATrcfKpvLiw9CPlMGeG%7Ctkp%3ABk9SR7K1prf0Zg
"Lenovo 100e 2nd Gen 11.6"" AMD 3015e @ 1.20GHz 4GB RAM 64GB Win11Pro LAPTOP.Opens in a new window or tab",$49.99,Not specified,See details,https://www.ebay.com/itm/277455741500?_skw=laptop&itmmeta=01KEHQ9KA1AYWTRAHJZ2X91KBT&hash=item4099a6a23c:g:5-8AAeSwtgxo9q2F&itmprp=enc%3AAQAKAAAAwFkggFvd1GGDu0w3yXCmi1dx49Tembk0d2GZoxnjx31puitN9tkMCeCoG8vfxGGrHQzQoMoz3qWKeHkwVrrP3tSZXycvC6Uuv%2FKZRTDVwR5Tcq3us1j%2Fb0zi4taoW5APjyFJXDFXKab5K2mBoec0LQ07LKKdS0TSorIFoqk9JZFYcE3ElrL2YVugCVH2mCeeYB1cdn12%2B4Nv0O9yCQahLOF%2B3RH9dm%2F13axyPF9sYFRH6KB36j9zVoAE8BBs%2BvCsiw%3D%3D%7Ctkp%3ABk9SR7K1prf0Zg
HP Spectre X360 13.3‚Äù Touchscreen Laptop Core i7 16GB RAM 256GB SSD Win 11 ProOpens in a new window or tab,$273.60,Not specified,See details,https://www.ebay.com/itm/256942721121?_skw=laptop&itmmeta=01KEHQ9KA12N4VP4XXFH2NYGGX&hash=item3bd2fac861:g:-sAAAeSw5jppXLDV&itmprp=enc%3AAQAKAAAAwFkggFvd1GGDu0w3yXCmi1fmCPNH%2FoTmYrshNaTHTJ5TEoi1HhHEILCuNZFVrKyg5UrhTyC3wf1KdbWoLVwqmKRDyKedEaGPBEGSCUbpuIDgPd9MdUb5jNY15qtjNOFtlE3uqn72BhoHhgGetBVhLCQA2xqAoc10%2BolfaSpSDviPku7E2Ozs2JzRomthN0VfI%2F2x%2BapsSCyNE6cXX157rEEhWiZmFr2xEeWZuo1UGYGryzszOXDiPI3zMj02jPQU4Q%3D%3D%7Ctkp%3ABk9SR7K1prf0Zg
"HP ProBook x360 11 G5 Laptop Celeron N4020 4GB 64GB 11.6"" Touch W11 Pro 2 in 1 !Opens in a new window or tab",$66.00,Not specified,See details,https://www.ebay.com/itm/326059558877?_skw=laptop&itmmeta=01KEHQ9KA1M3S1RFJETTRGQ1SX&hash=item4beaaa07dd:g:Y30AAeSw67lpGzhL&itmprp=enc%3AAQAKAAAAwFkggFvd1GGDu0w3yXCmi1csPi883LFkR9p06juPq%2BZ%2FZ3h4OgK%2Bo52wFChyCLvxuc717sn0jUfYrLMESMW0Fj9wl7O33gp319kyOpwcx1nUuSYBU%2B4%2BTRQoFeljgEKmbntD5rTw5WSIs6Y9Qi8j5fClqQLoc4%2BVnZiAUt%2B%2F0E7LZL1aJOxpEmXVkS5jdpako76knND%2FSNHVf4AkqPIGIrnIlruIaFEPDwfJRPVbXK5VVqzj%2FH58Xdgxsddk2vH5pA%3D%3D%7Ctkp%3ABk9SR7K1prf0Zg
"Windows 10 PRO Laptop Notebook PC Computer Dual core, 4GB Ram, 250GB HDD DVDRWOpens in a new window or tab",$99.00,Not specified,See details,https://www.ebay.com/itm/335462458874?_skw=laptop&itmmeta=01KEHQ9KA1ABQH2G2XZFXWDBJ8&hash=item4e1b1ee5fa:g:G7wAAOSwg29mfvBF&itmprp=enc%3AAQAKAAAA4FkggFvd1GGDu0w3yXCmi1dsYPRVoa3xBkfdFMOyI4wi6PRaOOGpk6Jqz9G3ohDQ8DQrYidO8fsVnTq5S6YCPNAjOsvDyC1tZH1U4xQT945iwtryRONPHb%2BZY3IuINGpI58L4BJKg20dZH98V8FMaJ0sXaxfgTmm9jbY5cyPNwHP7%2B4Wu12m1LAP%2BXlGM9VfBHam9n2tJncS6nD90t1xMP5tItrhj7SWDCa4XsVjqk6WvEofog%2FQUgYtTfqJM01Am83v%2BwJ6IF0%2B7y3%2F8yyJlSXmc1PWykuAJmMSGdvtR3bH%7Ctkp%3ABk9SR7K1prf0Zg
"Lenovo LOQ-E 15.6"" 144Hz RTX 3050 Intel i5-12450HX 16GB RAM 512GB SSD AI LaptopOpens in a new window or tab",$539.99,Not specified,See details,https://www.ebay.com/itm/297540864595?_skw=laptop&itmmeta=01KEHQ9KA240G67KP1ET32XXD9&hash=item4546d14a53:g:pMsAAeSwSz1onsB~&itmprp=enc%3AAQAKAAAA4FkggFvd1GGDu0w3yXCmi1c9UGks8%2B7XhRdGtRvj7RZqMskARptq1c6ey87pD1O1GUJq3BWtAIKyO9IMWsAKS%2BUxxzlukjh3o5fMacJXt3YgFlR2iqg1XX%2B9ebG2m8X%2FYa9GmCebXXuRXDaOLdzmzluid3cLwrgqwU8LJ29CdPTpv89SZswCldIKji7TiMOsNKTZrg7tQRrC3rrJaWA%2BTpOBAm8peBqdo%2FeCDepA9bxT0MXwBC08%2Fy9NMXWBs19a2um%2F2KZ1kcr9Qh1Sdp5qaerfw2JD8h22kjF37M%2FcuWa3%7Ctkp%3ABk9SR7S1prf0Zg
"Dell Inspiron 15 Touchscreen Laptop 15.6"" FHD Intel i5-1334U 8GB RAM 512GB SSDOpens in a new window or tab",$319.99,Not specified,See details,https://www.ebay.com/itm/236454069003?_skw=laptop&itmmeta=01KEHQ9KA2J57P5J5YB00ZC4FW&hash=item370dc2c30b:g:mCMAAeSwjlNpE4Z8&itmprp=enc%3AAQAKAAAA4FkggFvd1GGDu0w3yXCmi1fEmiHn%2BtzmKPMSwAvYQIN4ptBSiH%2FtqOaEf0NmrZ8wpZ0hzIyH3kLhmyu9SLL8MW1f7NOELJXj%2BMt8i5JgXxJimqyZXSkrlIQb7%2BY6SISl%2FYCjMNiQ%2BmvHhaxHzxNzc7d15lfaqCAmVAqQ4BENQ11hqrkYxd6%2BP9f%2FDaC3vskGZlFJ05PYNwFxuUAcM1Eynu695VMh1x7NGuWYuMgo9%2FOjcf7ypnmhuDd8BsJgA%2FQnaqzTNmaqGyish00cTOqk2WP8dbfTni78GdzNNPPLGm7M%7Ctkp%3ABk9SR7S1prf0Zg
"Microsoft Surface Laptop 3 13.5"" Touch Intel i7-1065G7 16GB 256GB SSD - BlackOpens in a new window or tab",$299.99,Not specified,See details,https://www.ebay.com/itm/257296296836?_skw=laptop&itmmeta=01KEHQ9KA22M6JD3PC0K77S8JP&hash=item3be80deb84:g:FiEAAOSwxyNnrRcy&itmprp=enc%3AAQAKAAAA4FkggFvd1GGDu0w3yXCmi1dEj1AMQyywdOYzwW6O8WsmeJ1bOcl1dwh0tmLP65y5YcEuP7IBt5Pa2Yr1Xvbm7stBv8L8asfNNKeyWC7FSb3wCXociMWOtBYkrkT77gGFWrPmNoasa1HsBu1drSgg1QRvSw4X143Gd%2FRdjcsPJUC9ggzxHuGAu22xs%2BnTZDnr%2B41UQnSPefAVI9K3PCxu3rCd1UoEIwf2j2pIQHZtHBNuNEydujlcB1zoSXQQdhapl6GBqcIBEnk6ro6zORq%2FuXvz157yOS13ySKL4foukklr%7Ctkp%3ABk9SR7S1prf0Zg
HP EliteBook Laptop Computer PC 14 AMD RYZEN 5 PRO 32GB 1TB Windows 11 MEGA SALEOpens in a new window or tab,$259.99,Not specified,See details,https://www.ebay.com/itm/227145119267?_skw=laptop&itmmeta=01KEHQ9KA22QMZYW2XM92B54EZ&hash=item34e2e77623:g:iUcAAeSwqEVpTBGy&itmprp=enc%3AAQAKAAAAwFkggFvd1GGDu0w3yXCmi1dhPnVAVrwykl8Y5jOQuE1nImQLVLtehmHHSYrMnlq3Aq%2F0OQ7CNw9ihuHBAuRco4sV6aY%2F5WDN5GftCIQZCt%2B1zb415O%2F7NFbNoL8D2tqq1vtbluFZZIgsf8BY%2B4Bcefx8WVj14val%2FLysNvR0hsSK5FpVQfgixXN0b3CMOMU%2FmkW24OJw4zBwUZ42q2RGrdqKkRd25mKK9ZQmN4x4dxTfdf1uKYtdy3yh7v1T9T5Pwg%3D%3D%7Ctkp%3ABk9SR7S1prf0Zg
15.6 Student Laptop Intel Pentium Quad Core N100 8GB RAM 256GB SSD WiFi 6 Win 11Opens in a new window or tab,$179.99,Not specified,See details,https://www.ebay.com/itm/336255499425?_skw=laptop&itmmeta=01KEHQ9KA2G90CF08480WCX96F&hash=item4e4a63bca1:g:P74AAeSwbMFo~dQY&itmprp=enc%3AAQAKAAAA4FkggFvd1GGDu0w3yXCmi1cRjMZJfpJR7OHNoZohPyl%2FQdJcZmAUnSex2hKaiYYj%2BLo7uzwXjCLN1SrZ1k51ncjvGQX0VkFaZA95bTUn8vihA7ungsw7QCwKcLYcv%2B%2FyVNGZBQ8IpfcPWiq8vcHFBmgm6C5XSsjdVMzMWnzrW9q12QKRULQ5HUrRUX%2F6N28wfgQraHYL%2FOP%2F53H1Z%2Bg382VUDEaekXRDPiv6%2F4WOp4eCin%2BYso1lTcz%2Fe5piQZAobA%2BcGP0bDjB082EAYOTE23ISm4YDhsW2D1luKqcKZJqX%7Ctkp%3ABk9SR7S1prf0Zg
"Dell Latitude 5411 Business Laptop 14"" Core i5 4.5GHz 16GB RAM 1TB SSD Win 11Opens in a new window or tab",$285.83,Not specified,See details,https://www.ebay.com/itm/286047394395?_skw=laptop&itmmeta=01KEHQ9KA2GRNM5Y1SJMYM6WEZ&hash=item4299c0da5b:g:MZkAAeSwaWVpYLL5&itmprp=enc%3AAQAKAAAAwFkggFvd1GGDu0w3yXCmi1cSjP7QtC5aIvsttx%2FRffUG2WgD7NthF4Fi86v2ky7b68yDiVz4FSg1HUm1LAb7cI43caahawQc9Di5PDHfS3dyOqeUtntysikRsc4nW4VGLsEJoOZ1%2FnTMu%2Fs0BcEB%2BF%2Fxj0Wtk8ry3qz%2F3wBK8ITK8HKL1OLSDVmVXm31FiaHCrNIuahC78lziAnREzT5kd3kAkKP%2F7Ua8twbZHNSvWjRp4Rg5AnD9cPIEt9--%2FINbQ%3D%3D%7Ctkp%3ABlBMULS1prf0Zg
"Dell Inspiron 3501 15.6"" Windows 11 Laptop (Intel 11th Gen / 16GB RAM / 256GB)Opens in a new window or tab",$239.99,Not specified,See details,https://www.ebay.com/itm/177735901376?_skw=laptop&itmmeta=01KEHQ9KA2GMA7AZD2HHG6G334&hash=item2961e2a0c0:g:0pcAAeSwk~VpV~gn&itmprp=enc%3AAQAKAAAAwFkggFvd1GGDu0w3yXCmi1e5e6go6ZMIMbNg8ro69gkVkIT7s8845rDVFRyP%2BDLiEQ57ShB9OhrVnEF1I2H5yc64gxFS5Dt3PJax2IssWQPnX1WWdNY%2FKUNebTbOy20kr6EZPAaNeEf51OCREQEHpmwE6dfOiCfNv13i1E98NRhdX%2BubtaP9mG%2BC%2B%2FXOdmGN%2FltipMcWrgzOyuglmZmE6r%2FL%2F8wVmb91eXJUgSAKHtKTGJCoA%2BjJ6OIzgTIEhb9hPQ%3D%3D%7Ctkp%3ABlBMULS1prf0Zg
